address;source_location;insn;indent
0x9090;/home/notgard/chps1002/genetic_docking/part2/complete_mol2_omp_mod.f90:416;CMP	$0x3,%RAX;
0x9094;/home/notgard/chps1002/genetic_docking/part2/complete_mol2_omp_mod.f90:416;JG	90be <__read_mol2_MOD_dot_product3+0x4d>;
0x9096;/home/notgard/chps1002/genetic_docking/part2/complete_mol2_omp_mod.f90:416;LEA	-0x1(%RAX),%RCX;
0x909a;/home/notgard/chps1002/genetic_docking/part2/complete_mol2_omp_mod.f90:416;MOV	-0x18(%RBP),%RDX;
0x909e;/home/notgard/chps1002/genetic_docking/part2/complete_mol2_omp_mod.f90:416;MOVSS	(%RDX,%RCX,4),%XMM2;
0x90a3;/home/notgard/chps1002/genetic_docking/part2/complete_mol2_omp_mod.f90:416;LEA	-0x1(%RAX),%RCX;
0x90a7;/home/notgard/chps1002/genetic_docking/part2/complete_mol2_omp_mod.f90:416;MOV	-0x20(%RBP),%RDX;
0x90ab;/home/notgard/chps1002/genetic_docking/part2/complete_mol2_omp_mod.f90:416;MOVSS	(%RDX,%RCX,4),%XMM1;
0x90b0;/home/notgard/chps1002/genetic_docking/part2/complete_mol2_omp_mod.f90:416;MULSS	%XMM2,%XMM1;
0x90b4;/home/notgard/chps1002/genetic_docking/part2/complete_mol2_omp_mod.f90:416;ADDSS	%XMM1,%XMM0;
0x90b8;/home/notgard/chps1002/genetic_docking/part2/complete_mol2_omp_mod.f90:416;ADD	$0x1,%RAX;
0x90bc;/home/notgard/chps1002/genetic_docking/part2/complete_mol2_omp_mod.f90:416;JMP	9090 <__read_mol2_MOD_dot_product3+0x1f>;
